{
 "三ノ輪１丁目": [
  35.7277845,
  139.7921519
 ],
 "三ノ輪２丁目": [
  35.7295142,
  139.7936855
 ],
 "三筋１丁目": [
  35.7036854,
  139.7860989
 ],
 "三筋２丁目": [
  35.7055816,
  139.7863809
 ],
 "上野公園": [
  35.7140191,
  139.7739291
 ],
 "上野桜木１丁目": [
  35.7213541,
  139.7753191
 ],
 "上野桜木２丁目": [
  35.7229917,
  139.7741456
 ],
 "上野１丁目": [
  35.7066556,
  139.7715506
 ],
 "上野２丁目": [
  35.7090563,
  139.7723553
 ],
 "上野３丁目": [
  35.7054109,
  139.7733376
 ],
 "上野４丁目": [
  35.7093732,
  139.7742663
 ],
 "上野５丁目": [
  35.7051436,
  139.7758287
 ],
 "上野６丁目": [
  35.7092137,
  139.7758327
 ],
 "上野７丁目": [
  35.715837,
  139.7798051
 ],
 "下谷１丁目": [
  35.7188586,
  139.7820783
 ],
 "下谷２丁目": [
  35.7220586,
  139.7841677
 ],
 "下谷３丁目": [
  35.7256515,
  139.7880489
 ],
 "今戸１丁目": [
  35.7185123,
  139.8055315
 ],
 "今戸２丁目": [
  35.7212213,
  139.8055771
 ],
 "元浅草１丁目": [
  35.7080686,
  139.783701
 ],
 "元浅草２丁目": [
  35.7101317,
  139.7842944
 ],
 "元浅草３丁目": [
  35.7076722,
  139.7867239
 ],
 "元浅草４丁目": [
  35.7098218,
  139.787149
 ],
 "入谷１丁目": [
  35.7205441,
  139.7862263
 ],
 "入谷２丁目": [
  35.7203688,
  139.7887154
 ],
 "北上野１丁目": [
  35.7175329,
  139.7825639
 ],
 "北上野２丁目": [
  35.7176369,
  139.7847685
 ],
 "千束１丁目": [
  35.718588,
  139.7915719
 ],
 "千束２丁目": [
  35.7209676,
  139.7904253
 ],
 "千束３丁目": [
  35.7218463,
  139.7925241
 ],
 "千束４丁目": [
  35.7240641,
  139.7958595
 ],
 "台東１丁目": [
  35.7013831,
  139.7787228
 ],
 "台東２丁目": [
  35.7032552,
  139.7787644
 ],
 "台東３丁目": [
  35.7048147,
  139.779156
 ],
 "台東４丁目": [
  35.7065865,
  139.7795315
 ],
 "寿１丁目": [
  35.7073836,
  139.7896682
 ],
 "寿２丁目": [
  35.7092522,
  139.7895647
 ],
 "寿３丁目": [
  35.706948,
  139.7924383
 ],
 "寿４丁目": [
  35.7086392,
  139.7932068
 ],
 "小島１丁目": [
  35.7042816,
  139.7832893
 ],
 "小島２丁目": [
  35.7059353,
  139.7835119
 ],
 "日本堤１丁目": [
  35.7258246,
  139.798889
 ],
 "日本堤２丁目": [
  35.7277821,
  139.7974044
 ],
 "東上野１丁目": [
  35.7079929,
  139.7795456
 ],
 "東上野２丁目": [
  35.7094288,
  139.7791003
 ],
 "東上野３丁目": [
  35.7107997,
  139.78054
 ],
 "東上野４丁目": [
  35.7139304,
  139.7809356
 ],
 "東上野５丁目": [
  35.7134676,
  139.7823733
 ],
 "東上野６丁目": [
  35.7132857,
  139.784566
 ],
 "東浅草１丁目": [
  35.7211353,
  139.8013057
 ],
 "東浅草２丁目": [
  35.7246292,
  139.799872
 ],
 "松が谷１丁目": [
  35.7115511,
  139.7869652
 ],
 "松が谷２丁目": [
  35.7136401,
  139.787114
 ],
 "松が谷３丁目": [
  35.716008,
  139.7878048
 ],
 "松が谷４丁目": [
  35.7179352,
  139.7880287
 ],
 "柳橋１丁目": [
  35.6964887,
  139.7883157
 ],
 "柳橋２丁目": [
  35.6986832,
  139.7896756
 ],
 "根岸１丁目": [
  35.7215664,
  139.7794859
 ],
 "根岸２丁目": [
  35.7248578,
  139.7762284
 ],
 "根岸３丁目": [
  35.7227042,
  139.7816223
 ],
 "根岸４丁目": [
  35.7255807,
  139.7845432
 ],
 "根岸５丁目": [
  35.7276079,
  139.7879308
 ],
 "橋場１丁目": [
  35.7242437,
  139.8073742
 ],
 "橋場２丁目": [
  35.7270244,
  139.8076209
 ],
 "池之端１丁目": [
  35.7098251,
  139.768175
 ],
 "池之端２丁目": [
  35.714919,
  139.7671531
 ],
 "池之端３丁目": [
  35.7159013,
  139.7694652
 ],
 "池之端４丁目": [
  35.7184448,
  139.7686659
 ],
 "浅草橋１丁目": [
  35.6974694,
  139.7849717
 ],
 "浅草橋２丁目": [
  35.6996035,
  139.7859178
 ],
 "浅草橋３丁目": [
  35.7008592,
  139.7866072
 ],
 "浅草橋４丁目": [
  35.6985014,
  139.7818516
 ],
 "浅草橋５丁目": [
  35.7005031,
  139.7826496
 ],
 "浅草１丁目": [
  35.7119497,
  139.7948545
 ],
 "浅草２丁目": [
  35.714955,
  139.7957367
 ],
 "浅草３丁目": [
  35.7173102,
  139.7961143
 ],
 "浅草４丁目": [
  35.718839,
  139.7965783
 ],
 "浅草５丁目": [
  35.7210602,
  139.7976485
 ],
 "浅草６丁目": [
  35.7179178,
  139.800957
 ],
 "浅草７丁目": [
  35.7165753,
  139.8033321
 ],
 "清川１丁目": [
  35.7246705,
  139.8030961
 ],
 "清川２丁目": [
  35.7276558,
  139.8029673
 ],
 "秋葉原": [
  35.7018928,
  139.7743684
 ],
 "竜泉１丁目": [
  35.7234577,
  139.7893551
 ],
 "竜泉２丁目": [
  35.7265573,
  139.7901611
 ],
 "竜泉３丁目": [
  35.7253946,
  139.7931249
 ],
 "花川戸１丁目": [
  35.7121554,
  139.7997218
 ],
 "花川戸２丁目": [
  35.7143409,
  139.8009959
 ],
 "蔵前１丁目": [
  35.7001394,
  139.7908813
 ],
 "蔵前２丁目": [
  35.7030395,
  139.7927535
 ],
 "蔵前３丁目": [
  35.7043856,
  139.7915693
 ],
 "蔵前４丁目": [
  35.7044575,
  139.7890802
 ],
 "西浅草１丁目": [
  35.7109331,
  139.7905185
 ],
 "西浅草３丁目": [
  35.7159557,
  139.7913305
 ],
 "谷中１丁目": [
  35.7201227,
  139.767587
 ],
 "谷中２丁目": [
  35.7222535,
  139.7648451
 ],
 "谷中３丁目": [
  35.726835,
  139.7658348
 ],
 "谷中４丁目": [
  35.7225932,
  139.7673958
 ],
 "谷中５丁目": [
  35.725596,
  139.7676802
 ],
 "谷中６丁目": [
  35.7222165,
  139.7698393
 ],
 "谷中７丁目": [
  35.7251953,
  139.7714782
 ],
 "雷門１丁目": [
  35.7102857,
  139.7933449
 ],
 "雷門２丁目": [
  35.7097641,
  139.796868
 ],
 "駒形１丁目": [
  35.7071266,
  139.7947946
 ],
 "駒形２丁目": [
  35.7066562,
  139.795492
 ],
 "鳥越１丁目": [
  35.7024647,
  139.7831011
 ],
 "鳥越２丁目": [
  35.7024319,
  139.7865991
 ]
}
